start-date	end-date	variant	location	tournament	source
2026-10-03	2026-10-03	Shogi	/21 Košice, Slovakia	Kosice Shogi Arena	<a href='https://fesashogi.eu/calendar/'>fesashogi.eu</a>
2026-10-03	2026-10-03	Shogi	53, Barcelona, C/ del Rector Triadó	Dojo 3/10	<a href='https://shogi.es/actividad/dojo-3-10/'>shogi.es</a>
2026-10-17	2026-10-17	Shogi	Düsseldorf	5. Rheinland Cup	<a href='https://fesashogi.eu/calendar/'>fesashogi.eu</a>
2026-11-07	2026-11-07	Shogi	53, Barcelona, C/ del Rector Triadó	Dojo 7/11	<a href='https://shogi.es/actividad/dojo-7-11/'>shogi.es</a>
2026-11-10	2026-11-15	Xiangqi	Singapur, Singapore	Mannschafts-WM in Singapur!	<a href='http://chinaschach.de/blog/event/mannschafts-wm-in-singapur/'>chinaschach.de</a>
2026-11-14	2026-11-15	Shogi	London Mindsports Center, 21 Dalling Rd, JD	2026 London Autumn Tournament	<a href='https://fesashogi.eu/calendar/'>fesashogi.eu</a>
2026-11-28	2026-11-28	Shogi	-	Ginkgo Open Frankfurt 2026	<a href='https://fesashogi.eu/calendar/'>fesashogi.eu</a>
2026-12-05	2026-12-05	Xiangqi	Stadtteilzentrum Lister Turm, Hannover	Jahreshauptversammlung	<a href='http://chinaschach.de/blog/event/jahreshauptversammlung/'>chinaschach.de</a>
2026-12-05	2026-12-06	Xiangqi	Stadtteilzentrum Lister Turm, Hannover	Jahresendturnier Hannover	<a href='http://chinaschach.de/blog/event/jahresendturnier-hannover/'>chinaschach.de</a>
2027-04-24	2027-04-25	Xiangqi	Rothenburg ob der Tauber, Gästehaus am Heckenacker, Deutschland	Xiangqi in Rothenburg ob der Tauber	<a href='http://chinaschach.de/blog/event/xiangqi-in-rothenburg-ob-der-tauber-3/'>chinaschach.de</a>
2027-06-05	2027-06-06	Xiangqi	Traditionsturnier Steinwiesen, Steinwiesen	Traditionsturnier Steinwiesen	<a href='http://chinaschach.de/blog/event/traditionsturnier-steinwiesen-2/'>chinaschach.de</a>
2027-09-18	2027-09-19	Xiangqi	Traditionsturnier Steinwiesen, Steinwiesen	Traditionsturnier Steinwiesen	<a href='http://chinaschach.de/blog/event/traditionsturnier-steinwiesen-3/'>chinaschach.de</a>
